product_id;name;Slug;price;description;image_url;rating;margin;category;gender;discount_max
10001;Gini and Jony Girls Knit White Top(10001);Topwear10001;2333;Chic and comfy! This white top is a wardrobe essential for every stylish girl!;http://assets.myntassets.com/v1/images/style/properties/f3964f76c78edd85f4512d98b26d52e9_images.jpg;5;25;Topwear;Girls;
10002;Gini and Jony Girls Black Top(10002);Topwear10002;2414;Classic black top perfect for any occasion! Dress up or down with ease.;http://assets.myntassets.com/v1/images/style/properties/dce310e4c15223a6c964631190263284_images.jpg;1;25;Topwear;Girls;
10003;Gini and Jony Girls Pretty Blossom Blue Top(10003);Topwear10003;2239;Bloom with beauty in this charming blue blossom top! A must-have for fashionistas.;http://assets.myntassets.com/v1/images/style/properties/fc3c1b46906d5c148c45f532d0b3ffb5_images.jpg;1;25;Topwear;Girls;
10004;Gini and Jony Girls Black Capris(10004);Bottomwear10004;1009;Versatile black capris that match any top! Ideal for active days.;http://assets.myntassets.com/v1/images/style/properties/5158808a5bdd60c8c8af6999f8481160_images.jpg;4;40;Bottomwear;Girls;
10005;Do u speak Green Girls Olive 3/4 Pant(10005);Bottomwear10005;536;Eco-friendly style! These olive pants offer comfort and sustainability!;http://assets.myntassets.com/v1/images/style/properties/Do-u-speak-Green-Girls-Olive-34-Pant_62311570aeebd7385030de554584a065_images.jpg;3;40;Bottomwear;Girls;
10006;Gini and Jony Girls Black Dress(10006);Dress10006;464;Elegant black dress for the little fashionista. Perfect for any special event!;http://assets.myntassets.com/v1/images/style/properties/1f7c87ee0ac12c35df8c1dd28e2cd692_images.jpg;2;30;Dress;Girls;
10007;Gini and Jony Girls Pink Capris(10007);Bottomwear10007;586;Fun and bright pink capris to add a pop of color to any outfit!;http://assets.myntassets.com/v1/images/style/properties/87321ab7962a30b2e9b01fa16997029c_images.jpg;4;40;Bottomwear;Girls;
10008;Allen Solly Kids Girls Poplin Pink Shorts(10008);Bottomwear10008;791;Playful pink shorts perfect for summer adventures. Style and comfort combined!;http://assets.myntassets.com/v1/images/style/properties/c8c6fd3233823726f484da6b7007f016_images.jpg;4;40;Bottomwear;Girls;
10009;Little Miss Girls Chatterbox Navy Blue Dress(10009);Dress10009;184;Speak your style with this cute navy dress! Adorable and comfy for every girl.;http://assets.myntassets.com/v1/images/style/properties/0d3b2725d327a275c52c6f999e3982eb_images.jpg;3;30;Dress;Girls;
10010;Kids Ville Girls Turquoise Blue Top(10010);Topwear10010;3275;Vibrant turquoise top to brighten any day. Soft and stylish for all-day wear.;http://assets.myntassets.com/v1/images/style/properties/02012c4736e7a3cae2bab8857fa62b33_images.jpg;3;25;Topwear;Girls;
10011;Little Miss Girls Blah White Top(10011);Topwear10011;1925;Little Miss Girls Blah White Top;http://assets.myntassets.com/v1/images/style/properties/d3065a1272f7f6f77a002f5a640601d4_images.jpg;4;25;Topwear;Girls;
10012;Gini and Jony Girls Purple Top(10012);Topwear10012;999;Gini and Jony Girls Purple Top;http://assets.myntassets.com/v1/images/style/properties/5c2900e691bb0b900efbb994abaa3051_images.jpg;2;25;Topwear;Girls;
10013;Gini and Jony Girls Nautical Blues Navy Blue Top(10013);Topwear10013;1548;Gini and Jony Girls Nautical Blues Navy Blue Top;http://assets.myntassets.com/v1/images/style/properties/4fac53e9b5424ee2f2b1654edefcf9f3_images.jpg;2;25;Topwear;Girls;
10014;Gini and Jony Girls Purple Top(10014);Topwear10014;2402;Gini and Jony Girls Purple Top;http://assets.myntassets.com/v1/images/style/properties/78697e51fc64e69ef59fec8e4a98bb02_images.jpg;3;25;Topwear;Girls;
10015;Doodle Kids Girls Pink Retro Top(10015);Topwear10015;1302;Doodle Kids Girls Pink Retro Top;http://assets.myntassets.com/v1/images/style/properties/b222e8d07fb08047514b355c4f0d1659_images.jpg;5;25;Topwear;Girls;
10016;Madagascar 3 Infant Girls White Booties(10016);Socks10016;52;Madagascar 3 Infant Girls White Booties;http://assets.myntassets.com/v1/images/style/properties/fb0b4f85873f045107207dd9da40e56c_images.jpg;2;30;Socks;Girls;
10017;Madagascar 3 Infants Girls Pink Booties(10017);Socks10017;74;Madagascar 3 Infants Girls Pink Booties;http://assets.myntassets.com/v1/images/style/properties/652b58c0dc86f6c64d37c35da0c2858e_images.jpg;1;30;Socks;Girls;
10018;Gini and Jony Girls Pink Dress(10018);Dress10018;1249;Gini and Jony Girls Pink Dress;http://assets.myntassets.com/v1/images/style/properties/a796ba0a28290e5db9a37bff847b4a9b_images.jpg;3;30;Dress;Girls;
10019;Doodle Kids Girls Polka Dot Black Dress(10019);Dress10019;1183;Doodle Kids Girls Polka Dot Black Dress;http://assets.myntassets.com/v1/images/style/properties/f099bd68b6da608dea6d51c2824833de_images.jpg;3;30;Dress;Girls;
10020;Little Miss Girls Sunshine Red Clothing Set(10020);Apparel Set10020;1226;Little Miss Girls Sunshine Red Clothing Set;http://assets.myntassets.com/v1/images/style/properties/5254a38601288234bb4977e8e27a1891_images.jpg;3;20;Apparel Set;Girls;
10021;Doodle Girls Printed Multi Coloured Dress(10021);Dress10021;1290;Doodle Girls Printed Multi Coloured Dress;http://assets.myntassets.com/v1/images/style/properties/3e06ff4576a32b7ccc07c3e6cc222534_images.jpg;2;30;Dress;Girls;
10022;Gini and Jony Girls Printed White & Pink Dress(10022);Dress10022;727;Gini and Jony Girls Printed White & Pink Dress;http://assets.myntassets.com/v1/images/style/properties/23feaca5229fc9d843bddc530fb8a686_images.jpg;5;30;Dress;Girls;
10023;Little Miss Girls Chatterbox Blue Clothing Set(10023);Apparel Set10023;779;Little Miss Girls Chatterbox Blue Clothing Set;http://assets.myntassets.com/v1/images/style/properties/ffba35f9f9c2516c6d588f4e4a0b0e74_images.jpg;3;20;Apparel Set;Girls;
10024;Little Miss Girls Blazing Yellow Clothing Set(10024);Apparel Set10024;1083;Little Miss Girls Blazing Yellow Clothing Set;http://assets.myntassets.com/v1/images/style/properties/b2155f164df0ce2449e38487ff866c13_images.jpg;1;20;Apparel Set;Girls;
10025;Madagascar 3 Infant Girls White Booties(10025);Socks10025;100;Madagascar 3 Infant Girls White Booties;http://assets.myntassets.com/v1/images/style/properties/f8295cda196d978f23f87836a2ed44b4_images.jpg;4;30;Socks;Girls;
10026;Madagascar 3 Infant Girls Light Green Booties(10026);Socks10026;44;Madagascar 3 Infant Girls Light Green Booties;http://assets.myntassets.com/v1/images/style/properties/892734f1ce7baef6ffced2edf9763489_images.jpg;3;30;Socks;Girls;
10027;Madagascar 3 Infant Girls Light Green Booties(10027);Socks10027;125;Madagascar 3 Infant Girls Light Green Booties;http://assets.myntassets.com/v1/images/style/properties/90f67c9997d5d20e143c16db6fda2a25_images.jpg;4;30;Socks;Girls;
10028;Madagascar 3 Infants Girls Pink Booties(10028);Socks10028;55;Madagascar 3 Infants Girls Pink Booties;http://assets.myntassets.com/v1/images/style/properties/9dd9e63358d4fd81960b93a58e1c4017_images.jpg;4;30;Socks;Girls;
10029;Gini and Jony Girls Woven Blue Shorts(10029);Bottomwear10029;632;Gini and Jony Girls Woven Blue Shorts;http://assets.myntassets.com/v1/images/style/properties/b1f5b8ae9f07cd08cae46c0b470cc6b7_images.jpg;5;40;Bottomwear;Girls;
10030;United Colors of Benetton Kids Girls Navy Blue Shorts(10030);Bottomwear10030;529;United Colors of Benetton Kids Girls Navy Blue Shorts;http://assets.myntassets.com/v1/images/style/properties/b1a94a17b2b13411e7d752a48002c041_images.jpg;4;40;Bottomwear;Girls;
10031;Gini and Jony Girls Blue Capri(10031);Bottomwear10031;735;Gini and Jony Girls Blue Capri;http://assets.myntassets.com/v1/images/style/properties/80672df14a42febd4a31fd0651588cb0_images.jpg;2;40;Bottomwear;Girls;
10032;Gini and Jony Girls Green Shorts(10032);Bottomwear10032;875;Gini and Jony Girls Green Shorts;http://assets.myntassets.com/v1/images/style/properties/e772cf08b8fd48b500310611db8b931b_images.jpg;4;40;Bottomwear;Girls;
10033;United Colors of Benetton Girls Red Printed Dress(10033);Dress10033;1603;United Colors of Benetton Girls Red Printed Dress;http://assets.myntassets.com/v1/images/style/properties/United-Colors-of-Benetton-Girls-Red-Printed-Dress_06324ea0ce0cb4cc0348695a608bc307_images.jpg;5;30;Dress;Girls;
10034;Madagascar3 Girls Purple Printed T-Shirt(10034);Topwear10034;3144;Madagascar3 Girls Purple Printed T-Shirt;http://assets.myntassets.com/v1/images/style/properties/26cb9d78de9ebc67bfabbe53d115b0e4_images.jpg;3;40;Topwear;Girls;
10035;Disney Kids Boys Crew Sea Life Sialing Green Teen Kidswear(10035);Topwear10035;1846;Disney Kids Boys Crew Sea Life Sialing Green Teen Kidswear;http://assets.myntassets.com/v1/images/style/properties/0108969213975af06095ff84a0ec0c72_images.jpg;4;40;Topwear;Boys;
10036;Doodle Boys Route 66 Biker Blue Teen Kidswear(10036);Topwear10036;3795;Doodle Boys Route 66 Biker Blue Teen Kidswear;http://assets.myntassets.com/v1/images/style/properties/117451d5bf32c9ec341a6dfd0c28121a_images.jpg;2;40;Topwear;Boys;
10037;Palm Tree Boys Check Blue Shirt(10037);Topwear10037;1282;Palm Tree Boys Check Blue Shirt;http://assets.myntassets.com/v1/images/style/properties/17d5cdd77de6f87ee2451b98f3466d88_images.jpg;3;40;Topwear;Boys;
10038;Gini and Jony Boys Solid Black Jeans(10038);Bottomwear10038;676;Gini and Jony Boys Solid Black Jeans;http://assets.myntassets.com/v1/images/style/properties/50aba4c7dbee879034bee18e8fa647f1_images.jpg;2;40;Bottomwear;Boys;
10039;Gini and Jony Boys Grey Shorts(10039);Bottomwear10039;566;Gini and Jony Boys Grey Shorts;http://assets.myntassets.com/v1/images/style/properties/ab13e5576f1a6b597ca99514da15fec6_images.jpg;2;40;Bottomwear;Boys;
10040;United Colors of Benetton Boys Khaki Shorts(10040);Bottomwear10040;788;United Colors of Benetton Boys Khaki Shorts;http://assets.myntassets.com/v1/images/style/properties/0306ed2619dc70f26359986b5ed7a8a0_images.jpg;3;40;Bottomwear;Boys;
10041;Doodle Boys Volleyball Champion Black White Kidswear(10041);Topwear10041;3236;Doodle Boys Volleyball Champion Black White Kidswear;http://assets.myntassets.com/v1/images/style/properties/8bf8c2293d894430bb7066404c8022a5_images.jpg;4;40;Topwear;Boys;
10042;Gini and Jony Boys United Green T-shirt(10042);Topwear10042;2951;Gini and Jony Boys United Green T-shirt;http://assets.myntassets.com/v1/images/style/properties/76787f70a91d57f216c5f01ac354482c_images.jpg;4;40;Topwear;Boys;
10043;Madagascar 3 Infants Boys White Booties(10043);Socks10043;44;Madagascar 3 Infants Boys White Booties;http://assets.myntassets.com/v1/images/style/properties/3b4fde3fc805549feaf58cc396be3038_images.jpg;4;10;Socks;Boys;
10044;Madagascar 3 Infant Boys Yellow Booties(10044);Socks10044;61;Madagascar 3 Infant Boys Yellow Booties;http://assets.myntassets.com/v1/images/style/properties/161f2beac9836ee2530e6628a548b0cf_images.jpg;4;10;Socks;Boys;
10045;Fabindia Boys Blue & Green Angarakha Dhoti Set(10045);Apparel Set10045;1194;Fabindia Boys Blue & Green Angarakha Dhoti Set;http://assets.myntassets.com/v1/images/style/properties/f2a3baa07a5ff85471618e78488b0936_images.jpg;2;20;Apparel Set;Boys;
10046;Gini and Jony Boys Polo Red T-Shirt(10046);Topwear10046;2957;Gini and Jony Boys Polo Red T-Shirt;http://assets.myntassets.com/v1/images/style/properties/d993f35af5990e0d1b39554e2952cff9_images.jpg;5;20;Topwear;Boys;
10047;Doodle Boys Printed White T-shirt(10047);Topwear10047;2227;Doodle Boys Printed White T-shirt;http://assets.myntassets.com/v1/images/style/properties/41f16f05724a8800a7f7c23ddfe46703_images.jpg;1;20;Topwear;Boys;
10048;Gini and Jony Boys Check White Shirt(10048);Topwear10048;2171;Gini and Jony Boys Check White Shirt;http://assets.myntassets.com/v1/images/style/properties/595e38f11b200d8fb980127d5c328ef4_images.jpg;1;20;Topwear;Boys;
10049;Jungle Book Boys Baby Blue Clothing Set(10049);Apparel Set10049;1145;Jungle Book Boys Baby Blue Clothing Set;http://assets.myntassets.com/v1/images/style/properties/a9801be9aa58ec30e6cfb2033794588a_images.jpg;4;20;Apparel Set;Boys;
10050;Disney Kids Boys Denim Mickey Surf Kidswear(10050);Bottomwear10050;891;Disney Kids Boys Denim Mickey Surf Kidswear;http://assets.myntassets.com/v1/images/style/properties/2b55b35074d1847bed5607f923575507_images.jpg;2;40;Bottomwear;Boys;
10051;Doodle Boys I am Handsome No1 Rust Kidswear(10051);Topwear10051;2398;Doodle Boys I am Handsome No1 Rust Kidswear;http://assets.myntassets.com/v1/images/style/properties/a19291631cb12acf95943a5e99f270dd_images.jpg;4;20;Topwear;Boys;
10052;Fabindia Boys Red & Beige Angarakha Dhoti Set(10052);Apparel Set10052;437;Fabindia Boys Red & Beige Angarakha Dhoti Set;http://assets.myntassets.com/v1/images/style/properties/736dfce68489f314c48d2da3bebfa301_images.jpg;1;20;Apparel Set;Boys;
10053;Doodle Boy Army  Green Shorts(10053);Bottomwear10053;999;Doodle Boy Army  Green Shorts;http://assets.myntassets.com/v1/images/style/properties/b9e9274cbb60758fc935f64d9dbc1bdc_images.jpg;3;40;Bottomwear;Boys;
10054;Disney Kids Boys Mickey Blue Denim Kidswear(10054);Bottomwear10054;459;Disney Kids Boys Mickey Blue Denim Kidswear;http://assets.myntassets.com/v1/images/style/properties/afec73c71df4c7f38b4ec3b8db63570f_images.jpg;3;40;Bottomwear;Boys;
10055;Gini and Jony Boys Rodeo Blue Jeans(10055);Bottomwear10055;905;Gini and Jony Boys Rodeo Blue Jeans;http://assets.myntassets.com/v1/images/style/properties/47f71e5d1c21d915f1068c93c7cffbd4_images.jpg;3;40;Bottomwear;Boys;
10056;Ant Kids Boys Black Dungree Kidswear(10056);Bottomwear10056;702;Ant Kids Boys Black Dungree Kidswear;http://assets.myntassets.com/v1/images/style/properties/67d47e3025839e8251180a921f946995_images.jpg;4;40;Bottomwear;Boys;
10057;Mr.Men Boys I Am Sleeping White Clothing Set(10057);Apparel Set10057;541;Mr.Men Boys I Am Sleeping White Clothing Set;http://assets.myntassets.com/v1/images/style/properties/d047e9939501d99cfdcc95d856f6d0ed_images.jpg;4;20;Apparel Set;Boys;
10058;Gini and Jony Boys Blue Jeans(10058);Bottomwear10058;662;Gini and Jony Boys Blue Jeans;http://assets.myntassets.com/v1/images/style/properties/Gini-and-Jony-Boys-Blue-Jeans_e24d754117cb8671784fdd384f79cb57_images.jpg;3;40;Bottomwear;Boys;
10059;Puma Men Future Cat Remix SF Black Casual Shoes(10059);Shoes10059;4203;Puma Men Future Cat Remix SF Black Casual Shoes;http://assets.myntassets.com/v1/images/style/properties/051d64772f1b38ff476fbf0a807f365a_images.jpg;4;50;Shoes;Men;
10060;ADIDAS Men Spry M Black Sandals(10060);Sandal10060;623;ADIDAS Men Spry M Black Sandals;http://assets.myntassets.com/v1/images/style/properties/c5a22e9ccf9b10e0a89ffbbf3e386584_images.jpg;5;45;Sandal;Men;
10061;Nike Mens Incinerate MSL White Blue Shoe(10061);Shoes10061;1923;Nike Mens Incinerate MSL White Blue Shoe;http://assets.myntassets.com/v1/images/style/properties/4eff2353c62ec8b7bca9fbbaf5996bd2_images.jpg;3;50;Shoes;Men;
10062;Clarks Men Hang Work Leather Black Formal Shoes(10062);Shoes10062;7898;Clarks Men Hang Work Leather Black Formal Shoes;http://assets.myntassets.com/v1/images/style/properties/2976e4095e7b3ae2de99df54d2adeaaa_images.jpg;3;50;Shoes;Men;
10063;Arrow Men Black Formal Shoes(10063);Shoes10063;5873;Arrow Men Black Formal Shoes;http://assets.myntassets.com/v1/images/style/properties/Arrow-Men-Black-Formal-Shoes_70a3c7c185338a5636c8c0e668829bb6_images.jpg;4;50;Shoes;Men;
10064;Timberland Men Black Casual Shoes(10064);Shoes10064;3222;Timberland Men Black Casual Shoes;http://assets.myntassets.com/v1/images/style/properties/70e74ca34b3b534b19d6b006d5bfad0a_images.jpg;1;50;Shoes;Men;
10065;Vans Men Classic Slip-On Purple & Black Shoes(10065);Shoes10065;6941;Vans Men Classic Slip-On Purple & Black Shoes;http://assets.myntassets.com/v1/images/style/properties/49f884ddf4420d869ad143857d3bc33d_images.jpg;4;50;Shoes;Men;
10066;ADIDAS Mens Lowell White Silver Shoe(10066);Shoes10066;2822;ADIDAS Mens Lowell White Silver Shoe;http://assets.myntassets.com/v1/images/style/properties/0707b75d2d44e9cec9d27c944294ddbe_images.jpg;1;50;Shoes;Men;
10067;Ganuchi Men Casual Black Sandals(10067);Sandal10067;1119;Ganuchi Men Casual Black Sandals;http://assets.myntassets.com/v1/images/style/properties/b23f1e70aec0102c360fb9dfdc476023_images.jpg;3;45;Sandal;Men;
10068;Lotto Men Ridge Brown Sandals(10068);Sandal10068;1140;Lotto Men Ridge Brown Sandals;http://assets.myntassets.com/v1/images/style/properties/42344fe581af7a4c62d2a39ceb57be24_images.jpg;2;45;Sandal;Men;
10069;Puma Men Fashion Cat White Slipper(10069);Sandal10069;300;Puma Men Fashion Cat White Slipper;http://assets.myntassets.com/v1/images/style/properties/c78acc78b83e4f2e014215d2a302f04b_images.jpg;4;45;Sandal;Men;
10070;Estd. 1977 Men Beige & Green Sandals(10070);Sandal10070;768;Estd. 1977 Men Beige & Green Sandals;http://assets.myntassets.com/v1/images/style/properties/7adfef9d7001cdcb9a58822c0c8b615f_images.jpg;5;45;Sandal;Men;
10071;Coolers Men Black Sandals(10071);Sandal10071;830;Coolers Men Black Sandals;http://assets.myntassets.com/v1/images/style/properties/5fdccf41dafc022f36adea9a7df6751c_images.jpg;4;45;Sandal;Men;
10072;Estd. 1977 Men Black Sandals(10072);Sandal10072;371;Estd. 1977 Men Black Sandals;http://assets.myntassets.com/v1/images/style/properties/2a07ce87fedfca8928f12f3ddf6b7632_images.jpg;2;45;Sandal;Men;
10073;Gas Men Eldorado Tan Casual  Sandals(10073);Sandal10073;343;Gas Men Eldorado Tan Casual  Sandals;http://assets.myntassets.com/v1/images/style/properties/465863ba7b810b5ef6c516fe91c77308_images.jpg;2;45;Sandal;Men;
10074;Lee Cooper Men Brown Casual Sandals(10074);Sandal10074;1015;Lee Cooper Men Brown Casual Sandals;http://assets.myntassets.com/v1/images/style/properties/99808c9bdfee6165a0cec81d0219c1a1_images.jpg;2;45;Sandal;Men;
10075;Puma Men Olive Techno Ind Sandal(10075);Sandal10075;1143;Puma Men Olive Techno Ind Sandal;http://assets.myntassets.com/v1/images/style/properties/Puma-Men-Olive-Techno-Ind-Sandal_3e7aa0b204f4317a017dfbefe260700b_images.jpg;1;45;Sandal;Men;
10076;Reebok Men Navy Twist Sandals(10076);Sandal10076;436;Reebok Men Navy Twist Sandals;http://assets.myntassets.com/v1/images/style/properties/Reebok-Men-Blue-Twist-Sandals_9d151773708628e8efa686c33561b54a_images.jpg;1;45;Sandal;Men;
10077;Quiksilver Men Black Flip Flops(10077);Flip Flops10077;145;Quiksilver Men Black Flip Flops;http://assets.myntassets.com/v1/images/style/properties/d6ee15dc6f8243e59c6e05effce27873_images.jpg;1;40;Flip Flops;Men;
10078;Puma Men Jiff Black Flip Flops(10078);Flip Flops10078;201;Puma Men Jiff Black Flip Flops;http://assets.myntassets.com/v1/images/style/properties/fd5ec1e4e38ed0b81635af27cca0e585_images.jpg;5;40;Flip Flops;Men;
10079;Lotto Men Red Flip Flops(10079);Flip Flops10079;385;Lotto Men Red Flip Flops;http://assets.myntassets.com/v1/images/style/properties/Lotto-Men-Red-Flip-Flops_504feb7f72ee222980ee2e6e3526e80a_images.jpg;1;40;Flip Flops;Men;
10080;Reebok Mens Lazor Brown Flip Flop(10080);Flip Flops10080;287;Reebok Mens Lazor Brown Flip Flop;http://assets.myntassets.com/v1/images/style/properties/973dc13e58cef052ab4e9d1036c9081a_images.jpg;1;40;Flip Flops;Men;
10081;Puma Men Java Brown Flip Flops(10081);Flip Flops10081;520;Puma Men Java Brown Flip Flops;http://assets.myntassets.com/v1/images/style/properties/005203199ea23de3f97959be14c2533c_images.jpg;1;40;Flip Flops;Men;
10082;Quiksilver Men Brown Flip Flops(10082);Flip Flops10082;439;Quiksilver Men Brown Flip Flops;http://assets.myntassets.com/v1/images/style/properties/93422bef704ee5830c23f615bc89fa32_images.jpg;1;40;Flip Flops;Men;
10083;Carlton London Women Black & Gold Toned Flats(10083);Shoes10083;6946;Carlton London Women Black & Gold Toned Flats;http://assets.myntassets.com/v1/images/style/properties/Carlton-London-Women-Black-Gladiator-Sandals_b8f695202ccc1889f65d57b4000a888f_images.jpg;2;50;Shoes;Women;
10084;Catwalk Women Leather Brown Flats(10084);Shoes10084;4732;Catwalk Women Leather Brown Flats;http://assets.myntassets.com/v1/images/style/properties/94a9deea53125663d9bbe61cb38b84b4_images.jpg;5;50;Shoes;Women;
10085;Rocia Women Black Flats(10085);Shoes10085;1960;Rocia Women Black Flats;http://assets.myntassets.com/v1/images/style/properties/8d6fd53f28e010658cdf5c14c43d0cb0_images.jpg;5;50;Shoes;Women;
10086;Catwalk Women Leather Flats(10086);Shoes10086;2572;Catwalk Women Leather Flats;http://assets.myntassets.com/v1/images/style/properties/4d90e05b9e99e203b3ce191439619bcb_images.jpg;1;50;Shoes;Women;
10087;Crocs Dora Boots Pink Sandals(10087);Sandal10087;1212;Crocs Dora Boots Pink Sandals;http://assets.myntassets.com/v1/images/style/properties/0be6693dafb4261645b22c6e9e7e67f4_images.jpg;4;45;Sandal;Women;
10088;Skechers Women Green Shoe(10088);Shoes10088;6832;Skechers Women Green Shoe;http://assets.myntassets.com/v1/images/style/properties/7de650b81e8fd8be54794b6f466f3b8e_images.jpg;2;50;Shoes;Women;
10089;Catwalk Women Brown Sandals(10089);Shoes10089;2684;Catwalk Women Brown Sandals;http://assets.myntassets.com/v1/images/style/properties/Catwalk-Women-Brown-Sandals_c094f60d90c695681a6b79cf241777fc_images.jpg;1;50;Shoes;Women;
10090;ADIDAS Women Lavender Hagkok Sports Shoes(10090);Shoes10090;6667;ADIDAS Women Lavender Hagkok Sports Shoes;http://assets.myntassets.com/v1/images/style/properties/97b4da7324d9f9b3a6f507333141faae_images.jpg;1;50;Shoes;Women;
10091;Nike Women Free Run Pink Sports Shoes(10091);Shoes10091;5045;Nike Women Free Run Pink Sports Shoes;http://assets.myntassets.com/v1/images/style/properties/5b0a6dd6aadd4d4ba230ff849b36481b_images.jpg;5;50;Shoes;Women;
10092;Inc 5 Women Brown Heels(10092);Shoes10092;2253;Inc 5 Women Brown Heels;http://assets.myntassets.com/v1/images/style/properties/be1fc833328c2708141568e2476abe81_images.jpg;4;50;Shoes;Women;
10093;Lotto Women XL Kelly Pink Slippers(10093);Flip Flops10093;488;Lotto Women XL Kelly Pink Slippers;http://assets.myntassets.com/v1/images/style/properties/cd1874ab726cad7a6439f3886af1bd35_images.jpg;1;40;Flip Flops;Women;
10094;ADIDAS Women Polka Pink Flip Flops(10094);Flip Flops10094;513;ADIDAS Women Polka Pink Flip Flops;http://assets.myntassets.com/v1/images/style/properties/33924b87c12a1b72deb3c8297cf9a72d_images.jpg;4;40;Flip Flops;Women;
10095;Puma Women Purple Techno Sandals(10095);Sandal10095;1159;Puma Women Purple Techno Sandals;http://assets.myntassets.com/v1/images/style/properties/ab1244dde780b3a3275ff5ace796ecf3_images.jpg;1;45;Sandal;Women;
10096;iPanema Women Blue Flip Flops(10096);Flip Flops10096;367;iPanema Women Blue Flip Flops;http://assets.myntassets.com/v1/images/style/properties/de79d341584312b09b3af7968b5146f4_images.jpg;2;40;Flip Flops;Women;
10097;Rocia Women Casual Black Sandal(10097);Sandal10097;503;Rocia Women Casual Black Sandal;http://assets.myntassets.com/v1/images/style/properties/2e68ca2646690a4bf4ed092bf44cc6df_images.jpg;3;45;Sandal;Women;
10098;Timberland Women Belle Isld Boat Ball Black Floater(10098);Sandal10098;690;Timberland Women Belle Isld Boat Ball Black Floater;http://assets.myntassets.com/v1/images/style/properties/468d414176b2a65b65828a6e55fd14d3_images.jpg;1;45;Sandal;Women;
10099;ADIDAS Women Neo Feather Blue Sandals(10099);Sandal10099;735;ADIDAS Women Neo Feather Blue Sandals;http://assets.myntassets.com/v1/images/style/properties/38b54d2fd34312785fd069bdb6c35f2a_images.jpg;3;45;Sandal;Women;
10100;Crocs Women Crle Plterm Black Floater(10100);Sandal10100;646;Crocs Women Crle Plterm Black Floater;http://assets.myntassets.com/v1/images/style/properties/0167e42283515f3ebd574511b5f6e534_images.jpg;5;45;Sandal;Women;